order_item_id,order_id,product_id,quantity
1,1,105,5
2,1,192,2
3,1,61,2
4,1,46,4
5,1,7,2
6,2,106,2
7,2,69,2
8,2,180,1
9,3,121,2
10,4,90,3
11,4,59,2
12,4,7,2
13,4,103,3
14,5,198,3
15,6,131,4
16,6,174,5
17,6,85,1
18,6,30,3
19,6,46,5
20,6,68,1
21,7,112,3
22,7,187,3
23,7,112,5
24,7,131,1
25,7,99,5
26,8,12,4
27,8,1,5
28,8,138,2
29,9,18,3
30,9,160,3
31,9,170,1
32,9,185,3
33,10,171,4
34,10,84,4
35,10,179,3
36,11,50,4
37,11,171,4
38,12,45,5
39,12,146,3
40,12,104,5
41,12,1,3
42,12,74,2
43,12,111,5
44,13,83,4
45,13,114,4
46,13,173,2
47,13,131,4
48,13,189,2
49,13,169,1
50,14,170,5
51,14,86,1
52,14,193,2
53,14,173,3
54,14,58,2
55,15,12,2
56,16,197,1
57,16,117,4
58,16,162,5
59,16,50,4
60,16,127,4
61,17,168,1
62,17,193,1
63,18,57,2
64,18,179,5
65,18,119,1
66,18,143,2
67,19,35,4
68,19,171,5
69,19,144,5
70,19,82,4
71,20,130,4
72,20,141,4
73,20,41,4
74,20,116,3
75,20,193,2
76,20,164,3
77,21,125,2
78,21,71,4
79,21,20,3
80,21,61,3
81,21,86,3
82,22,36,2
83,23,178,2
84,23,181,2
85,23,17,4
86,23,105,3
87,24,107,1
88,24,53,4
89,24,100,5
90,24,179,1
91,25,98,4
92,25,2,3
93,25,77,4
94,25,108,5
95,25,192,5
96,26,125,2
97,26,70,4
98,27,100,3
99,28,104,2
100,28,120,2
101,28,160,5
102,28,7,4
103,28,152,5
104,28,170,1
105,29,110,2
106,29,119,2
107,29,13,3
108,29,98,3
109,29,55,4
110,29,84,3
111,30,72,4
112,30,65,1
113,30,121,1
114,30,192,5
115,31,58,1
116,31,200,1
117,31,194,1
118,32,6,5
119,32,40,2
120,33,172,1
121,33,145,2
122,33,120,3
123,33,197,3
124,34,156,1
125,34,200,2
126,34,80,1
127,34,149,1
128,34,80,5
129,35,102,2
130,35,20,5
131,35,177,2
132,35,27,3
133,36,31,5
134,36,11,3
135,36,137,4
136,36,170,3
137,36,18,5
138,37,4,4
139,37,126,1
140,37,111,3
141,38,182,2
142,38,112,2
143,38,188,5
144,38,167,3
145,39,199,4
146,39,120,4
147,39,188,5
148,39,69,3
149,39,63,1
150,40,63,4
151,40,146,5
152,40,172,4
153,40,87,1
154,41,47,4
155,41,55,3
156,41,67,3
157,42,180,3
158,42,143,1
159,42,133,2
160,42,22,2
161,42,185,4
162,43,195,2
163,43,177,4
164,43,166,4
165,43,115,1
166,43,24,3
167,44,178,2
168,44,79,5
169,44,95,4
170,44,142,5
171,45,191,5
172,45,85,3
173,45,180,4
174,45,70,3
175,46,31,2
176,46,81,1
177,47,196,2
178,47,50,2
179,47,190,4
180,47,71,5
181,47,195,5
182,48,26,2
183,48,76,2
184,48,93,2
185,49,182,5
186,50,12,1
187,50,142,3
188,50,179,2
189,51,27,1
190,51,147,3
191,51,121,4
192,51,113,3
193,52,65,4
194,53,103,4
195,54,162,1
196,54,39,2
197,54,145,3
198,54,22,2
199,54,31,5
200,55,156,5
201,55,159,2
202,55,199,5
203,55,98,4
204,56,151,4
205,56,79,5
206,56,159,1
207,57,26,2
208,57,161,2
209,57,68,1
210,57,41,2
211,57,45,5
212,57,20,2
213,58,116,5
214,58,121,3
215,58,9,2
216,58,74,3
217,59,19,2
218,59,68,5
219,59,170,2
220,59,109,1
221,60,166,2
222,60,69,2
223,61,43,3
224,62,146,3
225,62,113,1
226,62,120,3
227,62,180,4
228,62,70,5
229,62,139,4
230,63,154,1
231,64,83,5
232,64,65,1
233,64,24,2
234,64,173,5
235,64,151,1
236,64,196,3
237,65,196,2
238,66,167,4
239,66,72,2
240,66,150,4
241,66,163,4
242,66,24,4
243,67,86,3
244,67,172,1
245,67,42,3
246,67,106,4
247,68,103,5
248,68,10,4
249,68,23,3
250,68,65,3
251,68,30,4
252,68,132,1
253,69,119,4
254,69,14,2
255,69,133,3
256,69,160,4
257,69,161,4
258,70,53,3
259,71,74,4
260,71,179,4
261,72,162,5
262,73,41,3
263,73,142,1
264,73,142,4
265,73,24,2
266,73,30,4
267,73,31,2
268,74,75,5
269,74,181,3
270,74,107,4
271,74,121,2
272,74,117,5
273,74,38,4
274,75,131,2
275,75,18,3
276,75,198,4
277,75,88,5
278,75,69,1
279,76,77,5
280,76,149,4
281,76,39,4
282,76,138,4
283,76,89,3
284,76,142,5
285,77,83,2
286,77,179,2
287,77,147,4
288,77,60,4
289,78,191,4
290,78,181,4
291,78,99,2
292,79,33,5
293,80,26,4
294,80,26,5
295,80,117,1
296,81,105,2
297,81,20,4
298,82,160,4
299,82,167,1
300,82,85,5
301,83,161,4
302,83,139,1
303,83,159,1
304,84,176,3
305,84,59,1
306,84,112,1
307,84,195,1
308,84,114,2
309,84,178,3
310,85,84,1
311,86,96,4
312,86,38,2
313,86,136,4
314,87,47,2
315,87,45,1
316,87,157,4
317,87,159,2
318,87,128,5
319,87,37,2
320,88,66,4
321,88,66,1
322,88,120,3
323,88,174,5
324,88,41,1
325,88,114,3
326,89,164,4
327,89,177,3
328,89,117,3
329,90,124,1
330,90,61,4
331,90,147,3
332,90,148,3
333,91,6,4
334,91,71,1
335,91,145,1
336,92,128,3
337,92,199,2
338,92,156,3
339,92,57,2
340,92,159,3
341,92,174,2
342,93,161,1
343,94,9,5
344,94,94,2
345,94,24,3
346,94,84,4
347,95,34,5
348,95,94,5
349,96,43,3
350,96,124,3
351,96,192,3
352,97,20,2
353,97,194,2
354,97,174,4
355,97,143,3
356,98,4,3
357,98,138,1
358,98,117,3
359,98,173,3
360,99,164,3
361,99,28,2
362,99,121,1
363,99,159,5
364,100,57,1
365,100,163,4
366,100,180,3
367,100,167,4
368,100,30,2
369,101,78,4
370,102,61,5
371,103,117,3
372,103,172,5
373,103,108,5
374,103,191,2
375,104,26,4
376,104,158,4
377,104,72,1
378,104,177,3
379,104,56,4
380,104,114,2
381,105,176,3
382,106,92,1
383,106,102,3
384,106,49,1
385,106,117,1
386,106,170,2
387,106,165,5
388,107,86,2
389,108,53,1
390,108,196,5
391,108,54,5
392,108,56,2
393,108,85,2
394,109,71,2
395,110,65,2
396,110,29,1
397,110,34,1
398,110,92,2
399,110,151,3
400,111,68,1
401,111,33,4
402,112,191,1
403,113,200,3
404,113,132,5
405,113,28,4
406,113,129,2
407,114,187,5
408,115,165,1
409,115,16,4
410,115,103,4
411,115,176,1
412,116,114,1
413,116,21,3
414,116,156,2
415,116,17,2
416,116,71,5
417,116,163,5
418,117,84,4
419,117,153,5
420,117,76,4
421,117,130,5
422,117,111,1
423,117,180,1
424,118,197,5
425,118,185,2
426,118,111,4
427,118,59,4
428,118,87,4
429,118,103,4
430,119,81,4
431,120,66,3
432,120,40,4
433,120,18,1
434,120,22,1
435,120,111,1
436,120,191,3
437,121,16,5
438,121,144,5
439,121,85,1
440,121,106,3
441,121,171,4
442,122,74,5
443,123,27,5
444,123,130,2
445,123,40,4
446,124,90,5
447,125,196,3
448,126,110,5
449,126,197,5
450,127,165,5
451,127,7,5
452,127,169,3
453,127,8,2
454,127,70,3
455,127,87,3
456,128,37,5
457,128,169,4
458,129,190,1
459,129,24,5
460,130,108,4
461,130,88,2
462,130,95,3
463,130,185,3
464,131,153,1
465,131,14,2
466,131,41,5
467,131,13,1
468,131,70,4
469,132,125,5
470,132,114,4
471,132,70,2
472,132,194,5
473,133,111,1
474,133,73,5
475,133,125,5
476,134,12,2
477,134,102,5
478,134,15,1
479,135,55,2
480,135,196,3
481,135,75,3
482,136,128,4
483,137,98,5
484,137,181,2
485,138,172,3
486,138,19,4
487,138,190,1
488,138,112,1
489,138,118,1
490,139,110,5
491,139,104,4
492,139,75,1
493,139,104,1
494,139,84,2
495,140,177,3
496,140,23,4
497,140,28,2
498,140,112,5
499,141,21,4
500,141,80,3
501,141,57,3
502,141,200,2
503,141,20,5
504,142,136,5
505,143,90,2
506,143,61,1
507,143,38,3
508,144,155,2
509,144,195,1
510,145,127,4
511,145,194,5
512,145,195,5
513,145,115,5
514,145,165,5
515,145,83,3
516,146,18,4
517,146,114,3
518,146,71,5
519,146,15,3
520,147,80,4
521,148,15,3
522,149,166,1
523,150,130,4
524,150,119,5
525,150,142,1
526,150,116,5
527,150,167,2
528,151,122,5
529,151,39,1
530,151,116,1
531,151,88,1
532,151,130,2
533,152,182,4
534,152,113,5
535,153,41,3
536,153,96,3
537,153,100,4
538,153,199,3
539,153,174,5
540,154,166,3
541,154,17,3
542,154,25,5
543,154,174,4
544,154,73,3
545,154,186,5
546,155,21,5
547,155,170,2
548,155,90,3
549,156,170,4
550,156,34,5
551,156,182,1
552,156,80,5
553,156,97,3
554,156,33,5
555,157,172,4
556,157,131,3
557,157,5,3
558,157,80,2
559,157,55,3
560,157,197,4
561,158,36,2
562,158,20,3
563,159,198,5
564,159,190,5
565,159,10,3
566,159,197,5
567,159,34,5
568,160,42,2
569,160,178,5
570,161,113,1
571,161,106,3
572,161,174,2
573,161,114,5
574,161,73,4
575,161,60,5
576,162,121,2
577,162,95,5
578,162,113,4
579,163,200,4
580,163,129,5
581,163,108,2
582,164,36,3
583,164,14,4
584,164,96,5
585,164,27,5
586,164,32,3
587,165,70,4
588,165,132,2
589,166,57,4
590,167,107,1
591,168,96,2
592,168,99,1
593,168,96,2
594,168,8,3
595,168,26,3
596,169,10,3
597,169,121,2
598,170,121,4
599,170,158,1
600,170,21,1
601,170,66,2
602,170,39,5
603,170,187,5
604,171,29,3
605,171,61,3
606,171,32,1
607,171,62,4
608,172,118,1
609,172,29,4
610,172,153,5
611,172,5,5
612,172,148,2
613,173,75,4
614,173,1,5
615,174,147,4
616,174,48,1
617,175,18,5
618,175,140,5
619,175,130,5
620,176,121,1
621,176,163,4
622,176,96,3
623,176,192,1
624,177,89,2
625,178,161,1
626,178,198,5
627,178,189,3
628,178,35,1
629,178,91,5
630,178,87,2
631,179,119,4
632,179,162,2
633,179,35,1
634,179,184,4
635,179,10,3
636,179,52,1
637,180,81,3
638,181,140,4
639,181,65,1
640,181,193,2
641,181,74,3
642,182,168,3
643,183,95,4
644,184,113,4
645,184,87,2
646,184,128,4
647,184,95,5
648,184,69,1
649,184,187,4
650,185,155,2
651,185,140,3
652,185,83,1
653,185,21,3
654,186,79,4
655,186,155,4
656,186,43,4
657,187,11,3
658,187,158,4
659,187,71,1
660,187,20,4
661,188,192,2
662,188,8,2
663,188,156,4
664,188,9,2
665,188,18,2
666,189,94,3
667,189,99,5
668,189,9,5
669,189,40,4
670,189,95,3
671,189,114,1
672,190,136,3
673,190,102,3
674,191,64,1
675,191,7,2
676,191,128,5
677,192,31,3
678,192,199,3
679,192,181,4
680,192,55,5
681,192,74,4
682,193,35,1
683,194,183,4
684,194,23,3
685,195,182,1
686,195,141,5
687,195,75,3
688,196,182,2
689,196,93,5
690,196,58,1
691,196,52,2
692,196,61,4
693,196,7,3
694,197,95,4
695,197,142,2
696,197,157,1
697,197,17,3
698,197,102,4
699,198,197,4
700,198,148,1
701,198,33,3
702,198,165,1
703,199,175,5
704,199,89,2
705,199,200,5
706,199,164,5
707,200,111,5
708,200,15,1
709,201,78,2
710,201,42,3
711,202,89,5
712,202,73,1
713,203,163,5
714,203,71,2
715,204,158,5
716,204,24,5
717,204,165,2
718,205,40,2
719,205,169,5
720,205,185,5
721,205,87,5
722,205,11,1
723,206,165,5
724,207,54,5
725,207,107,5
726,207,164,1
727,207,128,5
728,207,75,3
729,207,124,2
730,208,77,4
731,208,19,1
732,208,41,4
733,208,107,4
734,209,88,5
735,209,37,3
736,210,188,3
737,210,103,2
738,210,195,3
739,211,28,3
740,211,62,4
741,211,32,3
742,211,116,2
743,211,37,1
744,212,99,5
745,212,108,2
746,212,41,3
747,213,81,2
748,213,196,2
749,213,128,5
750,213,120,4
751,213,79,4
752,213,6,1
753,214,118,2
754,214,56,5
755,214,91,1
756,214,13,3
757,214,127,5
758,215,121,3
759,215,138,1
760,215,28,4
761,215,35,3
762,215,187,3
763,215,196,4
764,216,103,1
765,217,50,3
766,217,142,3
767,217,19,4
768,217,130,4
769,217,196,5
770,218,175,5
771,218,31,2
772,218,25,4
773,218,96,3
774,218,143,3
775,219,51,5
776,219,131,4
777,220,12,1
778,221,86,4
779,221,133,4
780,221,39,5
781,221,132,2
782,221,84,5
783,221,82,2
784,222,190,3
785,222,152,3
786,222,130,5
787,222,137,4
788,222,182,5
789,223,5,3
790,223,85,1
791,223,107,5
792,223,79,1
793,224,68,5
794,224,148,2
795,224,185,1
796,224,150,4
797,225,162,5
798,225,199,4
799,225,38,2
800,225,9,5
801,225,180,1
802,226,113,3
803,227,106,2
804,227,106,5
805,228,121,1
806,228,181,2
807,228,133,2
808,228,144,3
809,228,170,4
810,229,81,2
811,229,118,5
812,229,88,5
813,229,91,3
814,230,50,2
815,230,72,5
816,230,77,2
817,230,77,3
818,231,177,4
819,231,82,4
820,232,185,3
821,232,74,1
822,232,147,5
823,232,98,4
824,232,89,2
825,233,74,1
826,234,168,3
827,234,192,4
828,234,55,2
829,234,138,3
830,235,70,2
831,235,28,5
832,235,190,5
833,235,62,2
834,235,13,5
835,235,58,2
836,236,106,3
837,237,26,2
838,237,2,5
839,237,41,4
840,237,168,4
841,238,52,3
842,238,83,3
843,238,166,1
844,238,197,1
845,238,167,5
846,238,60,5
847,239,10,2
848,239,107,2
849,239,10,4
850,239,127,2
851,239,192,3
852,239,10,1
853,240,155,1
854,240,86,3
855,240,117,5
856,240,135,4
857,240,35,5
858,241,50,1
859,241,85,2
860,241,188,4
861,242,184,2
862,242,4,3
863,242,76,5
864,243,45,5
865,243,164,4
866,244,84,1
867,244,103,1
868,244,48,2
869,244,123,3
870,244,64,1
871,245,61,4
872,245,193,3
873,245,85,3
874,245,150,5
875,246,168,3
876,246,178,2
877,246,16,1
878,247,41,4
879,247,176,5
880,247,181,3
881,248,164,3
882,249,57,2
883,249,35,4
884,249,40,4
885,249,192,5
886,249,96,4
887,250,121,5
888,250,171,2
889,250,196,2
890,250,175,5
891,250,21,5
892,251,181,3
893,251,20,5
894,251,29,1
895,251,141,5
896,251,52,5
897,252,43,3
898,252,134,4
899,253,53,5
900,253,126,1
901,253,131,4
902,253,15,4
903,253,34,5
904,253,107,4
905,254,144,4
906,255,186,1
907,255,102,3
908,255,1,2
909,256,12,4
910,257,17,5
911,257,16,1
912,257,121,1
913,257,74,4
914,257,47,2
915,257,197,4
916,258,115,4
917,258,97,1
918,258,175,5
919,258,35,3
920,259,138,4
921,259,136,2
922,260,1,1
923,260,77,4
924,261,140,4
925,261,137,4
926,261,59,2
927,261,118,3
928,261,40,3
929,261,49,1
930,262,108,5
931,262,197,1
932,262,62,2
933,262,18,1
934,262,153,1
935,262,115,5
936,263,13,2
937,263,190,1
938,263,103,4
939,263,60,5
940,263,56,1
941,263,36,5
942,264,188,5
943,264,82,5
944,265,83,2
945,265,78,2
946,265,170,5
947,265,57,4
948,265,77,3
949,265,16,5
950,266,45,4
951,266,143,4
952,266,13,3
953,266,165,4
954,266,135,3
955,266,179,4
956,267,77,4
957,267,48,5
958,268,58,3
959,268,182,2
960,269,144,4
961,270,136,2
962,270,100,2
963,270,66,2
964,270,85,1
965,270,116,3
966,271,186,2
967,271,14,3
968,271,97,5
969,271,155,1
970,271,19,2
971,272,186,5
972,272,56,4
973,272,54,3
974,272,78,1
975,272,55,2
976,273,192,4
977,274,155,2
978,274,102,2
979,274,142,3
980,274,199,3
981,274,98,4
982,274,137,3
983,275,93,5
984,275,128,4
985,275,26,4
986,276,53,3
987,276,81,4
988,276,12,5
989,277,38,1
990,277,67,5
991,277,150,5
992,277,185,4
993,277,76,2
994,277,51,3
995,278,146,2
996,278,128,5
997,278,168,3
998,278,66,4
999,279,190,4
1000,279,118,2
1001,279,188,3
1002,279,44,2
1003,279,185,5
1004,279,126,2
1005,280,16,5
1006,280,9,1
1007,280,172,1
1008,280,196,1
1009,280,106,2
1010,280,162,2
1011,281,39,1
1012,281,56,5
1013,281,117,3
1014,281,16,5
1015,281,164,5
1016,281,124,4
1017,282,137,5
1018,283,5,5
1019,284,138,3
1020,284,5,5
1021,284,179,4
1022,285,25,5
1023,286,50,5
1024,286,135,3
1025,287,102,1
1026,287,96,4
1027,287,118,5
1028,288,58,3
1029,288,176,1
1030,288,168,1
1031,288,24,4
1032,288,98,4
1033,288,142,4
1034,289,3,2
1035,289,22,4
1036,289,112,3
1037,289,145,1
1038,289,136,1
1039,289,59,2
1040,290,122,3
1041,290,12,1
1042,290,176,3
1043,290,140,5
1044,290,169,1
1045,291,5,2
1046,291,151,2
1047,291,193,4
1048,292,42,5
1049,292,62,5
1050,292,100,5
1051,293,194,2
1052,293,177,1
1053,293,129,3
1054,293,14,1
1055,294,20,3
1056,294,155,5
1057,295,199,3
1058,295,8,3
1059,295,116,4
1060,295,59,3
1061,296,111,2
1062,296,175,5
1063,296,170,4
1064,296,22,5
1065,297,183,1
1066,297,22,3
1067,298,183,2
1068,298,190,4
1069,298,82,3
1070,298,28,1
1071,299,114,3
1072,299,195,3
1073,299,27,2
1074,300,111,4
1075,300,143,5
1076,301,27,1
1077,301,23,3
1078,301,142,1
1079,301,153,5
1080,302,4,3
1081,302,106,4
1082,302,200,1
1083,302,186,5
1084,303,134,2
1085,303,176,4
1086,303,44,2
1087,303,69,3
1088,303,69,4
1089,304,43,4
1090,305,77,4
1091,305,20,3
1092,305,65,2
1093,305,185,4
1094,306,51,4
1095,306,28,2
1096,306,78,1
1097,306,102,3
1098,306,159,4
1099,307,86,4
1100,307,167,5
1101,307,35,3
1102,307,83,5
1103,308,123,3
1104,308,46,4
1105,309,189,4
1106,309,148,2
1107,309,84,4
1108,310,94,1
1109,310,145,2
1110,310,152,5
1111,310,47,5
1112,311,119,2
1113,311,113,3
1114,311,178,1
1115,311,105,4
1116,311,36,3
1117,311,62,3
1118,312,184,4
1119,312,97,1
1120,313,123,5
1121,313,103,5
1122,313,130,4
1123,313,140,1
1124,313,93,5
1125,314,22,1
1126,314,197,2
1127,314,169,3
1128,314,43,5
1129,314,12,5
1130,314,166,4
1131,315,111,1
1132,315,3,1
1133,315,67,2
1134,316,133,5
1135,316,149,5
1136,316,57,4
1137,316,96,4
1138,316,119,5
1139,316,177,5
1140,317,7,4
1141,317,27,3
1142,317,107,1
1143,318,37,3
1144,318,80,3
1145,318,117,2
1146,318,134,4
1147,318,90,4
1148,318,25,4
1149,319,116,3
1150,319,18,3
1151,319,12,1
1152,319,6,3
1153,319,166,1
1154,319,174,2
1155,320,133,2
1156,320,142,2
1157,321,110,4
1158,321,60,4
1159,321,162,2
1160,321,48,4
1161,321,102,1
1162,322,51,4
1163,322,152,4
1164,322,100,1
1165,322,181,2
1166,322,53,3
1167,323,17,5
1168,323,27,5
1169,323,48,3
1170,323,84,2
1171,323,118,1
1172,323,68,4
1173,324,81,5
1174,324,100,5
1175,324,101,5
1176,324,30,3
1177,324,91,4
1178,324,159,2
1179,325,77,5
1180,325,152,1
1181,325,173,2
1182,325,81,1
1183,325,62,3
1184,325,30,2
1185,326,37,5
1186,326,100,4
1187,326,153,2
1188,326,148,4
1189,326,109,2
1190,326,125,5
1191,327,45,5
1192,327,43,4
1193,327,74,2
1194,327,48,3
1195,327,116,5
1196,327,14,3
1197,328,35,2
1198,328,99,5
1199,328,130,4
1200,328,105,4
1201,329,114,4
1202,329,43,1
1203,329,145,1
1204,329,195,2
1205,329,75,1
1206,329,71,2
1207,330,44,4
1208,330,145,4
1209,330,141,5
1210,331,30,3
1211,331,199,5
1212,331,94,5
1213,331,194,1
1214,331,195,4
1215,332,109,1
1216,332,189,2
1217,333,116,3
1218,334,113,1
1219,335,54,5
1220,335,177,3
1221,336,162,4
1222,336,43,5
1223,336,36,2
1224,336,53,1
1225,336,146,3
1226,337,153,5
1227,337,44,3
1228,337,181,3
1229,338,69,5
1230,338,174,1
1231,338,35,4
1232,338,16,3
1233,338,168,2
1234,339,64,2
1235,339,183,3
1236,340,101,4
1237,340,37,5
1238,340,162,3
1239,340,161,4
1240,340,97,4
1241,340,20,1
1242,341,192,3
1243,341,178,3
1244,341,117,4
1245,341,84,5
1246,341,1,1
1247,342,163,3
1248,342,17,5
1249,342,102,2
1250,342,110,2
1251,343,83,3
1252,343,87,5
1253,343,148,2
1254,344,88,1
1255,344,12,1
1256,344,161,4
1257,344,5,1
1258,345,117,1
1259,345,110,2
1260,345,177,2
1261,345,167,3
1262,346,24,3
1263,346,65,1
1264,346,96,2
1265,347,161,3
1266,347,186,2
1267,347,110,1
1268,347,181,1
1269,348,123,1
1270,348,34,5
1271,349,175,4
1272,349,3,1
1273,349,179,3
1274,349,31,4
1275,349,178,2
1276,350,59,4
1277,351,27,1
1278,351,81,3
1279,351,77,2
1280,351,98,2
1281,351,165,2
1282,351,18,5
1283,352,157,2
1284,353,185,2
1285,353,161,2
1286,353,106,5
1287,354,56,1
1288,354,26,2
1289,354,193,1
1290,354,151,4
1291,355,81,2
1292,355,64,3
1293,355,166,1
1294,355,64,5
1295,356,185,5
1296,356,73,1
1297,356,169,3
1298,356,53,5
1299,356,156,5
1300,357,101,3
1301,357,166,1
1302,357,62,4
1303,357,99,1
1304,357,62,4
1305,357,164,5
1306,358,4,3
1307,358,82,2
1308,358,100,5
1309,358,108,3
1310,358,140,2
1311,359,198,1
1312,359,5,5
1313,359,18,1
1314,359,68,2
1315,360,102,5
1316,361,183,5
1317,361,197,4
1318,361,109,4
1319,361,22,5
1320,361,138,5
1321,361,40,3
1322,362,21,5
1323,362,53,2
1324,362,138,3
1325,363,163,1
1326,363,80,4
1327,363,187,2
1328,363,15,2
1329,363,23,4
1330,364,157,5
1331,364,15,3
1332,364,171,2
1333,364,31,1
1334,365,180,1
1335,365,42,4
1336,366,133,3
1337,366,43,3
1338,366,33,3
1339,366,188,1
1340,366,198,1
1341,367,70,5
1342,367,17,3
1343,367,183,5
1344,367,161,1
1345,368,131,3
1346,368,15,4
1347,368,146,2
1348,368,95,2
1349,369,147,1
1350,370,131,1
1351,370,12,1
1352,370,63,1
1353,370,121,3
1354,370,99,2
1355,370,46,1
1356,371,190,4
1357,371,58,3
1358,371,64,4
1359,371,185,3
1360,371,70,1
1361,371,147,3
1362,372,173,1
1363,372,46,2
1364,372,133,1
1365,372,103,1
1366,372,120,3
1367,373,84,1
1368,373,142,4
1369,373,3,3
1370,374,145,3
1371,374,190,5
1372,374,63,4
1373,375,127,2
1374,375,188,5
1375,375,195,2
1376,375,39,1
1377,375,105,1
1378,376,89,1
1379,376,86,1
1380,376,195,4
1381,376,189,3
1382,376,27,2
1383,377,108,4
1384,377,16,2
1385,378,24,1
1386,378,60,5
1387,378,106,3
1388,379,22,5
1389,379,25,5
1390,379,35,4
1391,379,20,5
1392,379,146,1
1393,379,112,2
1394,380,67,3
1395,380,101,3
1396,380,82,4
1397,381,20,2
1398,381,35,5
1399,382,28,2
1400,382,116,4
1401,383,31,5
1402,383,92,2
1403,383,116,3
1404,383,119,3
1405,384,41,3
1406,385,155,1
1407,385,56,3
1408,385,38,1
1409,385,183,2
1410,385,92,4
1411,385,132,1
1412,386,67,2
1413,386,8,4
1414,386,116,5
1415,387,64,1
1416,387,119,1
1417,387,36,1
1418,387,4,1
1419,387,200,2
1420,388,103,3
1421,388,176,1
1422,389,67,1
1423,389,6,1
1424,389,51,4
1425,389,33,1
1426,389,85,1
1427,390,13,2
1428,390,147,4
1429,390,186,4
1430,390,128,1
1431,391,110,2
1432,391,91,2
1433,391,48,3
1434,391,72,4
1435,391,39,1
1436,391,158,5
1437,392,166,3
1438,392,128,4
1439,393,16,1
1440,393,72,4
1441,393,36,4
1442,393,52,5
1443,394,140,1
1444,394,98,3
1445,394,123,5
1446,394,125,3
1447,394,145,5
1448,394,83,4
1449,395,7,3
1450,395,153,2
1451,396,15,4
1452,396,136,3
1453,396,197,5
1454,397,26,2
1455,397,169,2
1456,398,189,1
1457,398,196,2
1458,398,148,4
1459,398,91,2
1460,398,46,2
1461,399,189,3
1462,399,152,1
1463,399,181,3
1464,400,37,5
1465,400,49,4
1466,400,139,3
1467,400,45,4
1468,400,10,1
1469,401,155,2
1470,401,6,5
1471,402,85,5
1472,403,88,2
1473,403,83,1
1474,404,151,2
1475,404,199,1
1476,405,19,3
1477,405,181,4
1478,405,151,1
1479,406,83,2
1480,406,41,4
1481,406,164,4
1482,407,45,5
1483,407,178,5
1484,407,92,2
1485,408,45,4
1486,408,79,3
1487,408,33,2
1488,408,187,1
1489,408,180,5
1490,409,9,2
1491,409,155,3
1492,409,157,2
1493,409,164,5
1494,409,27,4
1495,410,191,1
1496,410,61,3
1497,410,82,2
1498,411,182,3
1499,412,68,2
1500,413,18,3
1501,413,66,1
1502,413,185,1
1503,413,13,4
1504,413,113,4
1505,413,43,4
1506,414,90,5
1507,414,97,1
1508,414,123,5
1509,414,167,2
1510,415,19,1
1511,415,76,1
1512,415,82,3
1513,415,27,1
1514,416,97,2
1515,416,188,1
1516,417,87,5
1517,418,181,1
1518,418,111,2
1519,418,156,4
1520,418,41,1
1521,419,53,2
1522,419,105,5
1523,419,185,5
1524,420,73,3
1525,420,61,1
1526,420,13,4
1527,420,147,5
1528,420,126,2
1529,420,14,3
1530,421,23,3
1531,421,170,5
1532,421,123,2
1533,421,25,1
1534,422,164,3
1535,422,21,4
1536,423,102,4
1537,423,126,3
1538,423,24,5
1539,424,95,4
1540,424,95,2
1541,425,68,4
1542,426,58,3
1543,426,145,1
1544,426,39,1
1545,427,89,5
1546,427,106,5
1547,427,59,5
1548,427,16,4
1549,427,134,4
1550,427,138,4
1551,428,122,3
1552,428,21,4
1553,429,129,5
1554,430,174,5
1555,430,38,1
1556,430,194,4
1557,430,45,2
1558,430,55,2
1559,431,109,1
1560,432,52,2
1561,432,153,3
1562,432,82,1
1563,432,23,4
1564,433,142,3
1565,433,71,5
1566,433,118,1
1567,433,180,5
1568,434,108,1
1569,434,107,2
1570,434,38,5
1571,434,151,5
1572,434,195,1
1573,435,200,1
1574,435,74,5
1575,435,89,4
1576,435,68,4
1577,435,168,4
1578,436,122,1
1579,436,45,3
1580,436,104,2
1581,436,159,5
1582,436,175,4
1583,437,85,2
1584,437,13,4
1585,437,69,3
1586,437,6,3
1587,438,72,4
1588,438,179,1
1589,438,59,2
1590,439,114,3
1591,439,69,4
1592,439,155,1
1593,439,49,4
1594,439,55,4
1595,439,190,4
1596,440,96,1
1597,440,132,2
1598,440,17,3
1599,440,182,5
1600,440,104,2
1601,441,146,1
1602,441,45,2
1603,441,52,1
1604,441,64,1
1605,441,117,1
1606,442,51,3
1607,442,95,4
1608,442,130,4
1609,442,163,1
1610,442,175,1
1611,442,62,3
1612,443,115,2
1613,443,122,5
1614,443,142,3
1615,443,89,2
1616,443,67,1
1617,444,99,1
1618,445,200,2
1619,445,57,2
1620,445,174,2
1621,445,69,4
1622,445,132,1
1623,446,3,4
1624,446,34,2
1625,446,154,1
1626,446,58,3
1627,446,156,3
1628,446,183,3
1629,447,90,4
1630,447,65,2
1631,447,120,3
1632,447,174,5
1633,448,150,1
1634,448,2,5
1635,448,170,3
1636,448,144,5
1637,449,77,1
1638,449,124,1
1639,449,87,3
1640,450,71,3
1641,450,168,3
1642,450,49,2
1643,451,15,5
1644,451,104,3
1645,452,185,1
1646,452,168,4
1647,453,108,4
1648,453,100,1
1649,453,150,5
1650,454,186,2
1651,454,176,5
1652,454,164,4
1653,455,130,3
1654,455,44,5
1655,455,47,3
1656,456,33,3
1657,456,186,5
1658,456,196,2
1659,456,175,3
1660,457,57,3
1661,458,79,4
1662,458,85,3
1663,458,67,5
1664,458,76,4
1665,458,31,4
1666,458,14,5
1667,459,19,4
1668,459,50,5
1669,459,31,4
1670,459,136,3
1671,459,106,1
1672,460,52,3
1673,460,105,5
1674,461,81,2
1675,461,200,1
1676,462,162,2
1677,462,81,1
1678,462,2,4
1679,463,195,2
1680,463,148,2
1681,464,34,5
1682,465,110,4
1683,465,110,4
1684,465,99,1
1685,465,10,5
1686,465,52,3
1687,465,4,3
1688,466,49,1
1689,466,174,1
1690,466,161,2
1691,466,58,3
1692,466,80,2
1693,467,129,5
1694,467,79,2
1695,467,17,1
1696,467,77,3
1697,468,134,5
1698,468,135,3
1699,468,112,2
1700,468,88,4
1701,468,92,2
1702,468,43,4
1703,469,58,2
1704,469,55,1
1705,470,44,1
1706,470,94,1
1707,470,97,3
1708,470,198,5
1709,470,160,1
1710,471,170,1
1711,472,13,1
1712,473,98,1
1713,473,141,3
1714,473,122,2
1715,473,53,1
1716,474,170,1
1717,474,170,5
1718,474,70,5
1719,474,156,2
1720,475,131,5
1721,476,30,1
1722,476,128,2
1723,476,156,2
1724,477,134,2
1725,477,92,4
1726,477,76,2
1727,478,128,2
1728,478,177,4
1729,478,85,2
1730,478,1,1
1731,478,172,1
1732,479,172,4
1733,479,39,1
1734,479,200,5
1735,479,20,1
1736,479,66,2
1737,480,68,4
1738,480,13,1
1739,480,45,1
1740,481,174,3
1741,481,110,1
1742,481,25,1
1743,482,170,2
1744,482,85,3
1745,483,69,1
1746,483,96,3
1747,483,47,1
1748,483,103,4
1749,483,117,3
1750,484,123,4
1751,484,167,2
1752,484,29,2
1753,484,179,1
1754,484,41,1
1755,484,107,5
1756,485,174,4
1757,485,47,5
1758,485,98,3
1759,485,157,1
1760,485,176,2
1761,486,29,4
1762,486,113,1
1763,486,17,3
1764,486,168,3
1765,487,174,5
1766,487,197,5
1767,487,186,5
1768,487,58,3
1769,487,133,5
1770,487,177,5
1771,488,170,2
1772,488,124,3
1773,488,170,4
1774,488,39,5
1775,489,3,2
1776,490,127,2
1777,490,20,4
1778,490,83,2
1779,490,85,3
1780,491,58,5
1781,491,165,4
1782,491,104,2
1783,491,21,4
1784,491,114,5
1785,492,128,4
1786,493,128,1
1787,494,106,1
1788,494,143,5
1789,494,1,1
1790,494,155,5
1791,495,131,5
1792,495,53,4
1793,495,88,3
1794,496,117,3
1795,496,144,5
1796,497,184,3
1797,497,184,4
1798,497,30,1
1799,497,195,2
1800,498,91,3
1801,498,141,5
1802,498,96,1
1803,499,127,2
1804,499,184,4
1805,500,157,2
1806,500,49,1
1807,500,101,2
1808,501,184,3
1809,501,28,4
1810,502,173,5
1811,502,32,4
1812,502,118,5
1813,502,130,2
1814,502,128,1
1815,502,136,1
1816,503,150,4
1817,503,131,2
1818,503,178,5
1819,503,45,2
1820,504,169,5
1821,504,156,3
1822,504,130,4
1823,504,108,5
1824,505,71,4
1825,505,88,3
1826,506,36,4
1827,506,155,5
1828,507,141,3
1829,507,183,5
1830,507,162,2
1831,507,52,2
1832,507,160,3
1833,507,176,3
1834,508,182,2
1835,508,129,5
1836,509,83,1
1837,509,195,3
1838,509,144,4
1839,509,150,5
1840,509,171,4
1841,509,173,5
1842,510,4,5
1843,510,28,1
1844,510,98,2
1845,510,14,1
1846,511,193,2
1847,511,74,3
1848,511,38,1
1849,512,53,5
1850,512,9,3
1851,512,116,1
1852,513,190,5
1853,513,58,5
1854,513,100,2
1855,513,131,3
1856,513,178,1
1857,513,98,4
1858,514,81,5
1859,514,14,1
1860,514,191,3
1861,514,52,5
1862,514,200,4
1863,514,58,3
1864,515,140,5
1865,515,51,2
1866,515,76,4
1867,515,46,1
1868,515,48,2
1869,516,31,4
1870,516,11,4
1871,516,72,5
1872,516,68,2
1873,516,42,5
1874,517,85,4
1875,518,11,2
1876,518,83,5
1877,519,158,3
1878,519,126,5
1879,519,141,3
1880,519,19,3
1881,519,135,2
1882,519,48,5
1883,520,41,4
1884,520,140,5
1885,520,104,1
1886,520,90,2
1887,520,55,3
1888,521,76,2
1889,521,193,5
1890,521,136,4
1891,522,3,1
1892,522,172,3
1893,522,115,2
1894,522,165,5
1895,522,160,2
1896,522,11,3
1897,523,99,3
1898,524,73,1
1899,524,133,3
1900,524,132,5
1901,524,115,4
1902,524,12,3
1903,524,167,2
1904,525,22,1
1905,525,43,5
1906,525,137,1
1907,525,161,1
1908,525,54,2
1909,526,27,2
1910,526,138,4
1911,526,166,1
1912,526,192,2
1913,527,184,3
1914,527,10,1
1915,527,19,1
1916,527,46,3
1917,528,148,2
1918,529,100,4
1919,529,162,4
1920,529,111,3
1921,529,5,4
1922,530,137,1
1923,531,159,1
1924,531,194,5
1925,531,12,1
1926,531,92,5
1927,531,28,3
1928,531,176,3
1929,532,73,4
1930,533,170,1
1931,533,122,2
1932,533,137,2
1933,533,35,4
1934,534,163,2
1935,534,77,3
1936,534,3,5
1937,535,32,1
1938,535,2,5
1939,536,138,5
1940,536,22,3
1941,536,54,3
1942,536,55,4
1943,537,37,2
1944,537,48,2
1945,537,158,3
1946,537,50,1
1947,537,47,5
1948,538,119,5
1949,538,19,3
1950,538,172,1
1951,538,65,1
1952,538,51,5
1953,539,92,2
1954,539,172,2
1955,539,26,3
1956,540,50,3
1957,541,85,5
1958,541,169,3
1959,541,178,5
1960,541,40,5
1961,542,81,4
1962,542,44,1
1963,542,81,2
1964,543,190,4
1965,543,71,3
1966,543,35,3
1967,543,123,4
1968,543,115,3
1969,543,199,3
1970,544,28,2
1971,544,166,5
1972,544,21,3
1973,544,36,5
1974,544,51,3
1975,545,20,1
1976,545,5,5
1977,545,162,1
1978,545,149,5
1979,545,104,5
1980,545,55,1
1981,546,140,5
1982,546,121,2
1983,546,94,4
1984,547,188,3
1985,547,35,4
1986,547,129,5
1987,547,24,4
1988,547,94,5
1989,548,62,5
1990,548,176,2
1991,548,194,5
1992,548,36,4
1993,548,41,2
1994,548,145,5
1995,549,189,4
1996,549,92,1
1997,550,60,1
1998,550,68,3
1999,550,60,1
2000,550,172,2
2001,551,100,4
2002,551,117,1
2003,551,11,3
2004,552,134,3
2005,552,190,3
2006,552,149,5
2007,552,146,2
2008,552,97,4
2009,552,94,5
2010,553,133,3
2011,554,133,4
2012,554,91,3
2013,555,155,1
2014,555,129,2
2015,555,113,2
2016,555,59,1
2017,556,72,2
2018,556,39,2
2019,556,41,3
2020,556,155,1
2021,556,170,2
2022,556,107,3
2023,557,124,4
2024,558,152,2
2025,558,166,4
2026,559,12,2
2027,559,147,5
2028,560,162,5
2029,560,11,5
2030,561,43,3
2031,562,104,5
2032,562,145,1
2033,562,185,3
2034,562,22,2
2035,562,115,5
2036,563,44,2
2037,563,106,5
2038,563,37,5
2039,563,197,2
2040,564,131,3
2041,564,43,3
2042,564,117,5
2043,564,152,1
2044,564,59,4
2045,564,99,2
2046,565,52,5
2047,566,108,2
2048,566,156,1
2049,566,46,4
2050,566,158,5
2051,566,10,5
2052,566,129,1
2053,567,169,2
2054,567,155,5
2055,567,1,4
2056,567,134,4
2057,568,179,5
2058,569,124,4
2059,569,90,5
2060,570,148,1
2061,570,109,2
2062,570,66,4
2063,570,197,2
2064,570,22,3
2065,570,154,5
2066,571,49,1
2067,571,182,1
2068,571,148,5
2069,572,2,4
2070,572,168,2
2071,572,177,3
2072,572,105,3
2073,572,28,2
2074,573,150,3
2075,573,67,5
2076,573,109,5
2077,573,94,5
2078,573,71,4
2079,573,194,2
2080,574,143,4
2081,574,46,3
2082,574,144,5
2083,574,124,3
2084,574,79,5
2085,575,102,2
2086,575,169,1
2087,575,192,2
2088,575,115,2
2089,575,26,2
2090,575,131,4
2091,576,158,1
2092,576,42,4
2093,576,163,1
2094,576,24,2
2095,576,121,5
2096,577,17,3
2097,578,21,5
2098,578,10,4
2099,578,103,5
2100,579,74,5
2101,579,15,2
2102,579,164,4
2103,579,113,1
2104,579,52,5
2105,580,9,5
2106,580,131,5
2107,581,158,2
2108,581,173,1
2109,582,168,1
2110,582,41,1
2111,583,91,4
2112,583,104,5
2113,583,52,5
2114,583,4,1
2115,584,73,5
2116,584,150,3
2117,584,89,3
2118,584,58,5
2119,584,50,4
2120,585,2,3
2121,585,45,4
2122,585,130,1
2123,585,144,1
2124,585,129,3
2125,586,132,3
2126,587,65,4
2127,587,97,5
2128,587,124,2
2129,587,194,3
2130,587,199,4
2131,588,151,1
2132,588,124,1
2133,588,67,1
2134,588,98,2
2135,589,59,3
2136,589,106,3
2137,589,133,5
2138,589,3,3
2139,589,64,3
2140,589,24,4
2141,590,88,1
2142,590,142,2
2143,590,122,3
2144,590,91,2
2145,590,147,3
2146,590,47,2
2147,591,52,2
2148,591,189,2
2149,591,68,2
2150,591,59,2
2151,591,64,5
2152,591,92,2
2153,592,31,1
2154,593,127,5
2155,593,2,5
2156,593,11,4
2157,593,96,5
2158,593,81,4
2159,593,148,3
2160,594,196,5
2161,594,72,4
2162,595,33,1
2163,595,135,4
2164,595,123,5
2165,595,9,5
2166,595,89,4
2167,596,118,1
2168,596,179,5
2169,597,177,1
2170,597,4,2
2171,597,98,5
2172,598,93,5
2173,598,67,2
2174,598,141,3
2175,599,121,5
2176,599,88,3
2177,599,48,4
2178,600,108,3
2179,600,94,4
2180,601,47,5
2181,601,34,5
2182,601,176,2
2183,601,26,3
2184,602,111,4
2185,602,51,2
2186,602,190,2
2187,602,122,1
2188,602,46,4
2189,603,162,5
2190,603,137,3
2191,604,65,5
2192,604,146,1
2193,604,102,1
2194,605,16,2
2195,605,66,4
2196,606,116,3
2197,607,93,5
2198,607,143,3
2199,607,89,1
2200,608,90,5
2201,609,148,5
2202,609,45,3
2203,609,91,3
2204,609,173,5
2205,609,125,4
2206,610,158,3
2207,610,119,2
2208,610,43,3
2209,610,108,5
2210,611,19,1
2211,611,42,3
2212,611,59,3
2213,611,82,3
2214,612,155,4
2215,612,70,4
2216,612,200,3
2217,613,134,4
2218,613,106,2
2219,613,48,1
2220,613,33,2
2221,613,170,3
2222,614,192,1
2223,614,54,2
2224,614,102,1
2225,614,25,1
2226,614,122,5
2227,614,14,1
2228,615,135,1
2229,615,27,3
2230,615,159,2
2231,615,22,4
2232,616,64,3
2233,616,114,2
2234,617,44,1
2235,617,9,3
2236,617,84,4
2237,617,120,5
2238,617,70,5
2239,618,179,5
2240,618,46,5
2241,619,162,5
2242,619,112,5
2243,619,164,5
2244,619,80,3
2245,620,59,1
2246,620,114,3
2247,620,94,4
2248,620,67,2
2249,620,78,1
2250,621,195,2
2251,621,89,3
2252,621,121,5
2253,621,3,4
2254,621,194,4
2255,622,197,4
2256,623,60,1
2257,623,141,3
2258,623,49,4
2259,623,144,4
2260,623,102,2
2261,624,189,4
2262,624,97,2
2263,624,68,1
2264,624,109,2
2265,624,133,5
2266,624,178,3
2267,625,191,5
2268,625,69,4
2269,625,49,1
2270,625,47,2
2271,625,75,1
2272,625,164,4
2273,626,70,5
2274,626,126,2
2275,626,83,1
2276,626,39,1
2277,627,48,1
2278,628,33,4
2279,628,187,1
2280,628,60,1
2281,629,127,2
2282,630,80,4
2283,630,96,4
2284,630,179,1
2285,630,85,1
2286,631,15,3
2287,631,199,4
2288,632,121,2
2289,632,50,3
2290,632,98,1
2291,632,32,2
2292,632,99,4
2293,633,9,2
2294,633,118,1
2295,633,134,2
2296,633,122,4
2297,633,175,3
2298,633,83,2
2299,634,11,5
2300,634,134,1
2301,634,65,4
2302,634,164,3
2303,634,51,3
2304,634,14,2
2305,635,163,4
2306,635,84,1
2307,636,150,1
2308,636,102,2
2309,636,3,1
2310,637,122,5
2311,637,40,3
2312,637,198,1
2313,637,64,2
2314,637,128,1
2315,637,176,5
2316,638,16,1
2317,638,92,2
2318,638,180,5
2319,638,28,2
2320,638,125,2
2321,638,82,5
2322,639,113,2
2323,639,6,4
2324,639,92,2
2325,640,125,4
2326,641,139,4
2327,641,49,5
2328,641,48,5
2329,642,188,4
2330,642,71,5
2331,642,142,2
2332,643,40,4
2333,643,76,3
2334,643,139,3
2335,643,117,1
2336,643,199,5
2337,644,48,1
2338,644,159,3
2339,644,199,5
2340,644,62,3
2341,644,185,1
2342,644,169,5
2343,645,135,4
2344,645,197,5
2345,646,73,3
2346,646,105,3
2347,646,29,1
2348,646,134,1
2349,646,12,2
2350,647,52,1
2351,648,26,1
2352,648,147,4
2353,649,135,5
2354,649,180,5
2355,649,66,1
2356,649,94,2
2357,650,19,1
2358,650,54,4
2359,650,21,4
2360,650,164,1
2361,650,93,5
2362,650,191,4
2363,651,15,5
2364,651,69,5
2365,651,11,1
2366,651,78,1
2367,651,56,5
2368,651,25,1
2369,652,137,4
2370,652,49,2
2371,653,64,5
2372,653,161,2
2373,653,143,5
2374,653,107,1
2375,653,197,5
2376,653,92,4
2377,654,110,1
2378,654,43,2
2379,654,141,4
2380,654,130,3
2381,654,169,2
2382,654,137,5
2383,655,81,5
2384,655,84,3
2385,655,106,4
2386,656,156,2
2387,656,145,5
2388,656,55,4
2389,657,191,3
2390,657,93,4
2391,657,115,4
2392,657,1,1
2393,657,73,5
2394,658,35,3
2395,658,2,3
2396,658,57,2
2397,658,81,1
2398,658,198,3
2399,659,143,5
2400,659,147,2
2401,659,25,1
2402,659,118,3
2403,659,40,2
2404,660,150,2
2405,660,60,3
2406,660,77,1
2407,661,146,2
2408,661,188,1
2409,661,186,3
2410,661,124,2
2411,662,180,5
2412,662,25,5
2413,662,165,3
2414,662,10,5
2415,662,98,1
2416,662,200,1
2417,663,90,4
2418,663,107,1
2419,663,198,2
2420,664,155,1
2421,664,163,4
2422,664,14,3
2423,664,135,1
2424,664,82,5
2425,664,145,2
2426,665,179,2
2427,665,40,1
2428,665,173,4
2429,665,115,5
2430,665,148,5
2431,666,111,3
2432,666,101,2
2433,667,22,4
2434,667,147,1
2435,667,141,4
2436,668,103,5
2437,669,34,2
2438,669,124,5
2439,669,51,4
2440,669,102,5
2441,669,51,5
2442,669,158,5
2443,670,19,3
2444,670,199,4
2445,671,148,1
2446,671,29,4
2447,671,109,3
2448,671,90,2
2449,671,83,3
2450,671,153,1
2451,672,44,3
2452,672,158,4
2453,672,160,2
2454,673,60,2
2455,674,40,1
2456,674,29,1
2457,674,63,5
2458,675,4,3
2459,675,178,1
2460,675,79,4
2461,676,85,2
2462,677,55,2
2463,677,140,5
2464,677,193,3
2465,677,141,4
2466,677,160,2
2467,678,172,1
2468,678,97,5
2469,678,170,5
2470,678,12,3
2471,678,44,1
2472,678,73,2
2473,679,70,1
2474,679,120,1
2475,679,18,4
2476,679,170,3
2477,679,170,3
2478,680,75,4
2479,681,131,1
2480,681,81,4
2481,681,153,5
2482,681,23,2
2483,682,118,5
2484,682,183,1
2485,682,11,2
2486,682,136,3
2487,682,86,4
2488,683,41,1
2489,683,89,3
2490,683,91,3
2491,683,61,5
2492,683,71,1
2493,683,161,3
2494,684,143,3
2495,685,88,4
2496,685,169,2
2497,686,98,5
2498,686,174,5
2499,686,161,2
2500,686,107,2
2501,686,147,2
2502,686,110,3
2503,687,115,5
2504,687,34,2
2505,687,168,2
2506,688,176,2
2507,688,36,3
2508,688,177,5
2509,688,35,4
2510,688,198,2
2511,689,41,3
2512,689,18,5
2513,689,137,1
2514,689,48,3
2515,689,38,1
2516,690,106,4
2517,690,78,4
2518,690,191,3
2519,691,28,2
2520,691,48,1
2521,692,158,3
2522,692,156,5
2523,692,157,2
2524,692,153,2
2525,692,60,1
2526,693,177,4
2527,694,155,4
2528,694,183,3
2529,694,48,4
2530,694,126,4
2531,694,36,2
2532,695,9,4
2533,695,196,1
2534,696,57,2
2535,696,194,2
2536,696,17,2
2537,696,113,5
2538,697,84,4
2539,697,64,4
2540,697,104,1
2541,697,156,4
2542,697,185,3
2543,697,101,5
2544,698,153,5
2545,698,135,1
2546,698,134,1
2547,698,116,4
2548,698,11,2
2549,699,102,1
2550,699,143,4
2551,699,133,1
2552,699,49,3
2553,699,113,4
2554,700,119,2
2555,700,109,3
2556,700,157,1
2557,701,37,4
2558,701,166,4
2559,701,24,5
2560,701,29,2
2561,701,200,5
2562,702,35,4
2563,702,106,3
2564,702,116,1
2565,702,46,4
2566,702,152,2
2567,703,65,3
2568,704,183,2
2569,704,184,1
2570,704,24,1
2571,704,181,4
2572,704,163,3
2573,704,22,5
2574,705,187,5
2575,705,157,2
2576,705,97,5
2577,705,98,1
2578,706,86,5
2579,706,169,2
2580,707,46,1
2581,707,108,3
2582,708,197,4
2583,708,74,2
2584,708,31,2
2585,708,52,1
2586,708,160,3
2587,708,4,4
2588,709,140,1
2589,709,156,4
2590,709,61,2
2591,709,151,4
2592,710,114,1
2593,710,154,5
2594,710,2,2
2595,710,141,3
2596,711,143,2
2597,711,13,2
2598,711,38,1
2599,711,168,3
2600,711,10,2
2601,711,9,5
2602,712,85,1
2603,712,13,1
2604,712,107,2
2605,713,73,5
2606,713,170,5
2607,713,147,5
2608,713,46,4
2609,713,192,5
2610,713,93,1
2611,714,83,3
2612,714,98,1
2613,714,195,4
2614,715,75,4
2615,716,178,3
2616,717,106,5
2617,717,54,2
2618,717,157,1
2619,717,28,5
2620,717,187,5
2621,718,186,5
2622,718,181,3
2623,718,110,5
2624,718,82,3
2625,719,160,3
2626,719,34,5
2627,719,145,4
2628,719,134,4
2629,719,127,2
2630,720,182,3
2631,720,50,1
2632,721,120,1
2633,722,158,4
2634,722,106,1
2635,723,144,2
2636,723,3,2
2637,723,177,3
2638,724,79,3
2639,725,83,1
2640,725,30,3
2641,725,88,4
2642,725,186,5
2643,725,158,1
2644,726,85,3
2645,726,173,4
2646,727,166,2
2647,728,161,4
2648,728,138,3
2649,729,191,1
2650,729,134,3
2651,729,145,3
2652,729,143,5
2653,730,148,3
2654,730,91,1
2655,731,8,3
2656,731,97,5
2657,731,43,5
2658,732,48,5
2659,732,30,3
2660,732,181,3
2661,732,182,1
2662,733,23,4
2663,733,61,3
2664,733,116,3
2665,733,56,5
2666,734,29,3
2667,734,10,2
2668,735,130,1
2669,735,124,5
2670,735,40,2
2671,735,88,4
2672,736,80,3
2673,736,37,1
2674,736,133,2
2675,736,53,1
2676,736,118,4
2677,737,30,1
2678,737,80,1
2679,737,176,5
2680,737,23,3
2681,737,120,1
2682,738,197,3
2683,738,6,5
2684,738,195,3
2685,738,164,2
2686,738,83,2
2687,739,71,5
2688,739,82,4
2689,739,172,1
2690,740,41,3
2691,740,30,1
2692,741,132,1
2693,741,53,5
2694,741,90,5
2695,741,82,3
2696,741,37,3
2697,742,44,1
2698,742,80,5
2699,743,114,1
2700,743,34,1
2701,743,121,1
2702,743,28,4
2703,743,14,1
2704,744,46,5
2705,744,152,4
2706,744,158,3
2707,744,80,3
2708,745,195,5
2709,745,21,4
2710,745,146,2
2711,745,24,4
2712,745,25,4
2713,745,80,4
2714,746,58,2
2715,746,158,3
2716,747,47,3
2717,747,84,4
2718,747,125,1
2719,747,17,4
2720,748,123,4
2721,748,44,3
2722,748,197,3
2723,749,33,5
2724,749,27,4
2725,749,183,1
2726,749,84,5
2727,749,167,1
2728,750,119,4
2729,750,152,4
2730,750,62,5
2731,750,63,5
2732,750,41,4
2733,751,88,2
2734,752,111,4
2735,752,146,3
2736,752,140,2
2737,752,45,1
2738,752,190,5
2739,753,152,5
2740,754,143,1
2741,754,114,2
2742,754,79,4
2743,755,28,5
2744,755,198,4
2745,755,84,4
2746,755,166,1
2747,755,24,2
2748,756,194,1
2749,756,194,2
2750,756,170,2
2751,756,116,5
2752,756,75,4
2753,757,115,2
2754,757,53,3
2755,757,77,5
2756,757,174,3
2757,757,112,3
2758,758,3,5
2759,758,131,4
2760,758,33,3
2761,758,16,3
2762,758,141,1
2763,759,144,3
2764,759,29,3
2765,759,8,2
2766,759,111,5
2767,759,101,3
2768,759,183,4
2769,760,112,5
2770,760,55,2
2771,760,122,2
2772,760,49,5
2773,761,107,2
2774,761,74,2
2775,761,35,1
2776,762,5,2
2777,762,185,4
2778,762,169,4
2779,762,35,1
2780,762,36,4
2781,762,117,5
2782,763,47,4
2783,763,131,4
2784,763,142,4
2785,763,99,3
2786,763,58,2
2787,764,2,5
2788,764,128,2
2789,764,183,5
2790,764,69,4
2791,764,140,5
2792,765,10,5
2793,766,95,1
2794,766,149,4
2795,766,177,1
2796,766,37,5
2797,766,193,3
2798,766,120,5
2799,767,157,1
2800,767,63,4
2801,767,162,1
2802,767,176,5
2803,767,149,3
2804,768,88,5
2805,769,121,4
2806,770,147,3
2807,770,108,3
2808,770,76,3
2809,770,43,1
2810,771,192,3
2811,771,187,5
2812,771,67,1
2813,771,162,4
2814,771,149,2
2815,772,169,3
2816,773,7,3
2817,773,125,1
2818,773,33,5
2819,773,20,3
2820,773,65,2
2821,774,71,3
2822,774,4,1
2823,774,155,2
2824,775,39,4
2825,775,95,2
2826,775,67,2
2827,775,125,2
2828,775,136,1
2829,775,88,1
2830,776,40,4
2831,776,193,4
2832,776,198,4
2833,776,61,4
2834,776,186,2
2835,777,188,3
2836,777,14,3
2837,777,194,1
2838,777,14,2
2839,777,119,4
2840,778,122,5
2841,778,60,4
2842,778,175,4
2843,779,38,5
2844,779,112,1
2845,779,74,4
2846,780,81,5
2847,780,175,1
2848,780,25,5
2849,780,164,3
2850,780,111,5
2851,780,167,3
2852,781,69,1
2853,781,66,5
2854,781,101,4
2855,782,192,2
2856,782,188,5
2857,782,198,2
2858,782,134,3
2859,782,174,2
2860,782,81,5
2861,783,3,1
2862,783,4,4
2863,783,26,5
2864,783,27,4
2865,783,90,2
2866,783,186,3
2867,784,9,1
2868,784,159,1
2869,785,169,2
2870,785,154,1
2871,785,182,1
2872,785,23,5
2873,785,34,4
2874,786,145,2
2875,786,29,2
2876,786,65,3
2877,786,120,1
2878,786,164,4
2879,786,71,4
2880,787,198,3
2881,787,66,2
2882,787,200,1
2883,787,71,1
2884,787,98,4
2885,787,86,1
2886,788,46,4
2887,788,18,4
2888,788,52,5
2889,789,166,4
2890,789,28,2
2891,790,56,5
2892,790,165,1
2893,790,114,3
2894,790,27,1
2895,791,147,3
2896,792,5,4
2897,792,39,1
2898,792,10,4
2899,792,69,2
2900,793,101,5
2901,793,1,5
2902,793,182,4
2903,794,104,1
2904,794,139,2
2905,794,1,4
2906,794,177,4
2907,795,138,3
2908,795,86,3
2909,795,103,1
2910,795,162,1
2911,795,94,5
2912,796,118,3
2913,797,46,5
2914,797,11,4
2915,798,77,4
2916,798,28,3
2917,799,162,4
2918,800,36,1
2919,800,50,1
2920,801,62,4
2921,801,100,1
2922,801,139,3
2923,801,128,5
2924,801,116,1
2925,802,15,3
2926,802,185,1
2927,802,104,1
2928,803,171,5
2929,803,118,5
2930,803,39,5
2931,803,60,1
2932,803,10,2
2933,803,126,1
2934,804,12,2
2935,804,180,2
2936,804,4,2
2937,804,162,1
2938,804,79,1
2939,805,44,5
2940,805,17,1
2941,805,30,4
2942,805,153,5
2943,805,57,1
2944,806,87,4
2945,806,84,1
2946,806,176,5
2947,806,140,2
2948,807,196,1
2949,807,152,2
2950,808,31,3
2951,809,44,3
2952,809,142,2
2953,809,113,2
2954,809,149,1
2955,810,162,5
2956,811,5,4
2957,811,21,1
2958,812,23,5
2959,812,73,4
2960,813,178,2
2961,813,53,2
2962,813,164,3
2963,813,134,4
2964,814,45,5
2965,814,178,1
2966,815,184,4
2967,815,157,1
2968,816,90,4
2969,816,2,5
2970,816,61,2
2971,817,25,5
2972,817,93,5
2973,817,130,2
2974,817,119,2
2975,817,71,1
2976,818,39,4
2977,819,41,1
2978,819,14,3
2979,820,112,3
2980,820,86,5
2981,821,12,1
2982,821,190,1
2983,821,138,2
2984,821,41,1
2985,822,30,1
2986,822,61,4
2987,822,152,5
2988,822,84,4
2989,822,51,3
2990,823,84,2
2991,824,189,4
2992,824,52,4
2993,825,121,5
2994,826,112,2
2995,827,117,2
2996,827,100,3
2997,827,35,4
2998,827,185,2
2999,827,162,3
3000,828,86,2
3001,828,9,5
3002,829,35,1
3003,829,120,4
3004,829,108,2
3005,830,57,3
3006,830,155,2
3007,830,164,5
3008,831,142,2
3009,831,23,4
3010,831,134,4
3011,831,56,5
3012,831,122,4
3013,832,187,4
3014,833,64,3
3015,833,112,5
3016,834,39,5
3017,834,2,4
3018,834,12,1
3019,834,121,5
3020,834,9,4
3021,835,123,1
3022,835,116,4
3023,835,62,1
3024,835,143,1
3025,836,105,2
3026,836,34,3
3027,836,76,2
3028,836,166,1
3029,836,5,4
3030,836,172,3
3031,837,118,5
3032,837,192,5
3033,837,7,4
3034,837,119,2
3035,837,181,4
3036,837,48,3
3037,838,181,1
3038,838,161,1
3039,838,99,3
3040,838,136,1
3041,839,193,3
3042,839,179,5
3043,839,139,5
3044,839,54,1
3045,840,189,1
3046,840,132,3
3047,840,14,1
3048,841,120,5
3049,841,11,3
3050,841,94,2
3051,842,181,1
3052,842,144,2
3053,842,36,3
3054,842,62,5
3055,842,30,4
3056,843,180,2
3057,843,193,2
3058,843,83,3
3059,843,69,5
3060,843,175,4
3061,844,17,3
3062,845,125,5
3063,845,135,1
3064,845,121,5
3065,845,174,5
3066,846,159,3
3067,846,173,1
3068,846,49,4
3069,846,23,1
3070,847,74,1
3071,847,28,2
3072,848,179,2
3073,849,53,5
3074,849,161,1
3075,850,175,5
3076,850,34,4
3077,850,89,4
3078,850,114,1
3079,851,17,1
3080,851,60,5
3081,852,106,5
3082,852,88,3
3083,852,125,5
3084,853,136,5
3085,853,114,4
3086,853,78,5
3087,853,34,3
3088,853,44,3
3089,853,59,4
3090,854,198,1
3091,854,38,3
3092,854,73,4
3093,855,42,5
3094,855,74,2
3095,855,45,2
3096,855,42,2
3097,855,30,1
3098,856,33,4
3099,856,67,3
3100,856,48,2
3101,856,144,1
3102,856,171,3
3103,857,96,4
3104,857,139,2
3105,858,32,1
3106,858,104,4
3107,858,197,2
3108,859,40,1
3109,859,190,5
3110,859,130,3
3111,860,76,4
3112,860,75,5
3113,860,171,2
3114,860,145,4
3115,860,87,1
3116,860,188,4
3117,861,174,5
3118,861,30,3
3119,862,159,2
3120,862,115,3
3121,862,24,3
3122,862,15,5
3123,863,150,5
3124,863,57,3
3125,864,22,5
3126,865,172,1
3127,865,132,4
3128,865,50,4
3129,865,82,5
3130,865,155,5
3131,865,15,3
3132,866,184,4
3133,866,95,4
3134,867,73,3
3135,868,115,5
3136,868,23,2
3137,868,187,4
3138,869,114,3
3139,869,42,4
3140,869,187,4
3141,869,36,5
3142,870,37,2
3143,871,135,3
3144,871,17,5
3145,871,194,4
3146,871,23,1
3147,872,70,4
3148,872,45,5
3149,872,119,5
3150,872,194,2
3151,872,52,2
3152,872,98,3
3153,873,11,3
3154,873,150,3
3155,873,127,5
3156,873,190,4
3157,874,1,2
3158,875,164,4
3159,875,32,3
3160,875,107,2
3161,876,166,2
3162,876,8,1
3163,876,196,3
3164,876,127,1
3165,876,154,3
3166,876,149,4
3167,877,67,4
3168,877,178,1
3169,877,96,5
3170,877,188,5
3171,878,42,5
3172,878,15,2
3173,878,82,4
3174,879,92,2
3175,879,14,3
3176,880,163,3
3177,880,13,3
3178,880,75,5
3179,880,164,1
3180,881,197,2
3181,881,196,1
3182,882,140,3
3183,882,81,3
3184,883,179,3
3185,883,25,5
3186,883,149,3
3187,883,37,1
3188,883,36,5
3189,883,73,3
3190,884,106,3
3191,884,42,1
3192,884,56,2
3193,884,129,2
3194,885,158,5
3195,885,137,5
3196,885,180,1
3197,885,107,4
3198,885,20,1
3199,886,123,3
3200,887,93,2
3201,887,114,5
3202,887,134,3
3203,887,45,3
3204,887,8,1
3205,887,57,2
3206,888,177,2
3207,888,79,2
3208,889,21,4
3209,889,177,1
3210,890,199,4
3211,891,11,2
3212,891,28,1
3213,891,169,5
3214,891,152,1
3215,892,65,1
3216,893,171,1
3217,893,194,1
3218,893,32,5
3219,894,52,2
3220,894,172,3
3221,894,8,1
3222,894,38,3
3223,894,149,3
3224,895,129,5
3225,895,62,5
3226,896,26,5
3227,897,136,2
3228,898,73,2
3229,898,194,5
3230,899,26,2
3231,899,130,4
3232,899,94,5
3233,899,48,4
3234,899,173,1
3235,899,47,3
3236,900,55,5
3237,900,59,4
3238,900,29,3
3239,900,32,4
3240,901,35,4
3241,901,196,3
3242,901,181,3
3243,901,143,1
3244,901,22,3
3245,902,99,3
3246,903,189,3
3247,903,176,4
3248,903,58,5
3249,903,105,3
3250,903,110,2
3251,904,174,3
3252,904,46,1
3253,904,173,4
3254,904,173,1
3255,905,134,1
3256,905,31,2
3257,905,102,4
3258,905,178,5
3259,906,44,1
3260,906,94,2
3261,906,87,2
3262,906,153,4
3263,906,32,2
3264,906,109,4
3265,907,197,5
3266,907,152,3
3267,907,194,4
3268,907,92,4
3269,907,171,5
3270,907,104,4
3271,908,38,4
3272,908,28,1
3273,908,65,4
3274,909,161,2
3275,909,8,1
3276,910,18,4
3277,911,46,4
3278,912,84,2
3279,912,78,5
3280,912,160,1
3281,912,195,1
3282,912,170,5
3283,912,197,4
3284,913,76,4
3285,913,126,5
3286,914,88,5
3287,914,140,1
3288,914,196,1
3289,914,111,1
3290,914,99,4
3291,915,114,4
3292,915,10,1
3293,915,46,5
3294,915,169,3
3295,916,126,4
3296,916,35,3
3297,917,125,1
3298,917,146,4
3299,917,169,5
3300,917,176,5
3301,918,122,5
3302,918,41,5
3303,918,15,4
3304,918,68,4
3305,919,158,3
3306,919,197,3
3307,919,83,1
3308,919,8,5
3309,920,94,3
3310,920,190,5
3311,921,88,4
3312,921,25,4
3313,921,89,3
3314,921,106,3
3315,921,15,2
3316,921,64,2
3317,922,152,1
3318,922,177,1
3319,922,79,1
3320,923,6,5
3321,923,84,1
3322,924,109,5
3323,924,132,4
3324,924,69,1
3325,924,179,4
3326,924,151,1
3327,924,82,4
3328,925,83,5
3329,925,26,4
3330,925,26,2
3331,925,87,4
3332,926,87,2
3333,926,158,3
3334,926,94,4
3335,926,52,4
3336,926,163,1
3337,926,138,2
3338,927,13,3
3339,927,147,4
3340,927,58,5
3341,928,184,5
3342,929,87,3
3343,929,18,5
3344,929,136,4
3345,929,110,2
3346,929,89,1
3347,930,130,3
3348,930,111,5
3349,930,81,2
3350,931,65,5
3351,931,132,4
3352,931,172,5
3353,931,47,1
3354,932,133,2
3355,932,148,4
3356,932,55,4
3357,932,69,5
3358,932,158,4
3359,932,145,1
3360,933,94,4
3361,933,38,2
3362,934,176,3
3363,934,112,4
3364,934,82,1
3365,934,163,2
3366,934,106,3
3367,934,74,2
3368,935,154,2
3369,935,104,2
3370,935,30,2
3371,935,50,1
3372,935,63,3
3373,935,119,4
3374,936,109,1
3375,936,52,2
3376,936,70,2
3377,936,8,3
3378,937,141,2
3379,937,165,1
3380,937,185,4
3381,937,6,1
3382,937,22,3
3383,937,155,3
3384,938,94,1
3385,938,102,2
3386,938,61,1
3387,938,147,5
3388,939,171,5
3389,939,199,5
3390,939,65,4
3391,939,24,2
3392,939,154,1
3393,940,85,5
3394,940,189,4
3395,940,192,2
3396,941,37,1
3397,941,45,2
3398,942,105,3
3399,942,151,1
3400,942,126,5
3401,942,96,1
3402,943,109,4
3403,943,175,2
3404,943,72,2
3405,943,93,4
3406,943,184,3
3407,944,166,5
3408,945,170,1
3409,945,177,2
3410,945,65,5
3411,945,99,3
3412,945,164,3
3413,945,176,1
3414,946,114,4
3415,946,3,4
3416,947,24,2
3417,947,77,2
3418,947,42,4
3419,948,197,4
3420,948,9,3
3421,948,21,4
3422,949,106,3
3423,949,184,4
3424,949,26,2
3425,949,179,3
3426,949,130,1
3427,949,91,4
3428,950,141,3
3429,950,117,1
3430,950,196,1
3431,950,165,2
3432,950,162,4
3433,950,165,2
3434,951,52,3
3435,951,81,5
3436,951,22,1
3437,951,41,2
3438,952,197,2
3439,952,153,4
3440,952,82,4
3441,952,123,2
3442,952,67,2
3443,952,176,5
3444,953,51,1
3445,953,107,3
3446,953,47,4
3447,954,58,1
3448,954,6,5
3449,954,166,5
3450,954,161,2
3451,954,23,4
3452,955,180,2
3453,955,13,4
3454,955,159,4
3455,956,39,1
3456,956,95,2
3457,956,146,1
3458,957,135,4
3459,957,198,4
3460,957,173,4
3461,957,31,2
3462,957,183,2
3463,957,49,3
3464,958,127,4
3465,958,34,4
3466,958,53,5
3467,958,56,3
3468,958,187,2
3469,958,108,2
3470,959,8,3
3471,959,68,2
3472,960,64,3
3473,960,150,4
3474,960,22,1
3475,960,121,2
3476,961,102,2
3477,961,183,4
3478,961,182,4
3479,961,189,5
3480,961,66,1
3481,961,25,5
3482,962,86,2
3483,963,156,5
3484,963,182,1
3485,963,2,3
3486,964,98,3
3487,964,102,3
3488,964,34,5
3489,964,11,5
3490,964,46,3
3491,965,127,3
3492,965,120,2
3493,965,23,3
3494,965,182,5
3495,965,111,2
3496,966,81,1
3497,967,72,3
3498,967,111,3
3499,967,68,5
3500,967,195,3
3501,968,112,2
3502,968,81,4
3503,968,196,2
3504,969,163,4
3505,969,14,2
3506,969,39,1
3507,969,59,2
3508,969,10,4
3509,969,67,2
3510,970,112,1
3511,970,127,1
3512,970,114,3
3513,970,182,5
3514,971,127,1
3515,971,185,2
3516,971,32,3
3517,971,24,2
3518,972,44,5
3519,972,70,5
3520,973,55,5
3521,973,2,5
3522,973,197,5
3523,973,47,4
3524,973,20,2
3525,974,174,1
3526,974,85,1
3527,974,73,1
3528,974,101,3
3529,975,83,2
3530,976,118,4
3531,977,69,5
3532,977,169,1
3533,977,85,1
3534,977,168,5
3535,977,116,3
3536,977,188,5
3537,978,13,3
3538,978,83,1
3539,979,141,5
3540,980,103,3
3541,981,198,4
3542,981,23,1
3543,982,100,4
3544,982,73,2
3545,983,126,4
3546,983,189,3
3547,983,176,5
3548,984,171,1
3549,984,95,5
3550,984,52,4
3551,985,122,3
3552,985,145,5
3553,985,109,1
3554,985,194,4
3555,986,48,4
3556,986,162,4
3557,986,24,1
3558,986,132,3
3559,986,119,2
3560,987,183,2
3561,987,127,5
3562,987,162,5
3563,987,22,3
3564,987,120,4
3565,987,21,4
3566,988,33,3
3567,988,64,5
3568,989,146,1
3569,989,142,1
3570,989,12,5
3571,990,109,4
3572,990,25,4
3573,990,170,5
3574,990,65,3
3575,990,66,5
3576,991,5,1
3577,991,190,4
3578,991,46,2
3579,991,101,1
3580,991,22,4
3581,992,81,5
3582,992,186,4
3583,992,194,4
3584,993,88,2
3585,993,55,2
3586,993,21,5
3587,994,28,4
3588,994,137,1
3589,994,2,4
3590,994,30,1
3591,994,44,4
3592,994,118,4
3593,995,155,4
3594,995,78,5
3595,995,158,3
3596,995,177,4
3597,995,78,1
3598,995,33,2
3599,996,29,1
3600,996,179,2
3601,997,124,2
3602,997,167,2
3603,998,138,2
3604,998,23,3
3605,998,198,4
3606,998,38,4
3607,998,109,1
3608,998,30,2
3609,999,180,4
3610,999,125,4
3611,999,6,4
3612,999,150,2
3613,999,52,3
3614,999,146,4
3615,1000,3,1
3616,1000,162,4
3617,1000,107,4
3618,1001,153,5
3619,1001,75,1
3620,1001,125,4
3621,1001,125,5
3622,1001,152,5
3623,1002,60,1
3624,1002,136,1
3625,1002,109,5
3626,1002,81,5
3627,1003,166,4
3628,1003,122,1
3629,1003,127,5
3630,1004,115,4
3631,1004,6,2
3632,1004,74,2
3633,1005,113,2
3634,1005,130,2
3635,1005,151,3
3636,1006,169,4
3637,1006,34,3
3638,1006,186,4
3639,1006,107,3
3640,1006,121,2
3641,1006,160,2
3642,1007,192,1
3643,1007,171,4
3644,1007,34,2
3645,1007,52,2
3646,1007,156,4
3647,1007,26,4
3648,1008,61,2
3649,1008,143,1
3650,1008,5,3
3651,1009,174,2
3652,1009,45,5
3653,1009,9,1
3654,1010,30,5
3655,1010,59,1
3656,1010,144,2
3657,1010,125,3
3658,1011,197,1
3659,1011,198,5
3660,1011,69,2
3661,1012,155,1
3662,1012,181,1
3663,1012,113,4
3664,1012,194,1
3665,1012,28,5
3666,1013,144,1
3667,1014,43,1
3668,1015,41,3
3669,1015,182,4
3670,1015,196,5
3671,1016,26,2
3672,1016,166,3
3673,1016,86,2
3674,1016,32,2
3675,1016,113,4
3676,1016,197,1
3677,1017,88,3
3678,1017,130,2
3679,1017,22,3
3680,1017,96,4
3681,1018,171,2
3682,1018,39,5
3683,1018,108,2
3684,1018,36,4
3685,1018,106,4
3686,1018,118,5
3687,1019,8,4
3688,1019,38,1
3689,1019,184,5
3690,1020,87,3
3691,1021,112,1
3692,1021,101,1
3693,1022,39,5
3694,1022,15,5
3695,1022,76,4
3696,1022,103,5
3697,1022,78,3
3698,1022,89,1
3699,1023,157,2
3700,1023,180,4
3701,1023,115,2
3702,1023,140,5
3703,1023,159,4
3704,1024,167,4
3705,1024,199,2
3706,1024,78,1
3707,1025,86,4
3708,1025,186,2
3709,1025,134,5
3710,1025,73,2
3711,1025,24,5
3712,1026,134,3
3713,1026,194,2
3714,1026,6,1
3715,1027,67,2
3716,1027,199,3
3717,1027,186,4
3718,1027,130,1
3719,1027,188,1
3720,1028,161,5
3721,1028,91,1
3722,1028,13,1
3723,1029,147,1
3724,1029,117,3
3725,1029,61,5
3726,1030,161,5
3727,1030,153,2
3728,1030,90,3
3729,1030,73,5
3730,1030,173,2
3731,1030,183,4
3732,1031,64,1
3733,1031,84,5
3734,1031,150,2
3735,1031,200,3
3736,1031,117,1
3737,1031,38,4
3738,1032,24,1
3739,1033,122,2
3740,1033,115,1
3741,1034,135,4
3742,1034,151,5
3743,1034,133,4
3744,1034,68,5
3745,1034,128,4
3746,1034,113,4
3747,1035,42,2
3748,1035,130,2
3749,1035,125,4
3750,1035,34,5
3751,1036,178,2
3752,1037,9,2
3753,1037,144,3
3754,1037,31,5
3755,1037,105,1
3756,1038,147,3
3757,1038,11,5
3758,1038,40,1
3759,1039,96,3
3760,1039,76,4
3761,1039,8,2
3762,1040,108,1
3763,1040,79,3
3764,1040,56,2
3765,1040,190,4
3766,1040,1,1
3767,1041,18,1
3768,1041,107,4
3769,1041,147,3
3770,1042,87,4
3771,1042,122,5
3772,1042,34,2
3773,1042,130,4
3774,1043,171,4
3775,1043,39,3
3776,1043,23,5
3777,1043,171,5
3778,1044,60,4
3779,1044,87,5
3780,1044,12,4
3781,1044,189,3
3782,1045,43,1
3783,1046,198,3
3784,1046,144,1
3785,1046,165,5
3786,1046,22,2
3787,1046,159,5
3788,1046,148,1
3789,1047,49,4
3790,1047,129,1
3791,1047,31,5
3792,1047,47,1
3793,1047,71,2
3794,1048,149,4
3795,1048,22,5
3796,1048,156,3
3797,1048,103,5
3798,1048,12,4
3799,1048,6,3
3800,1049,107,1
3801,1049,136,3
3802,1050,24,1
3803,1050,26,5
3804,1050,44,3
3805,1051,66,1
3806,1051,40,3
3807,1052,44,1
3808,1052,158,3
3809,1052,47,1
3810,1052,183,1
3811,1052,77,4
3812,1052,26,3
3813,1053,83,3
3814,1053,97,1
3815,1053,14,2
3816,1053,62,5
3817,1054,127,5
3818,1054,193,5
3819,1055,69,1
3820,1056,142,4
3821,1056,17,4
3822,1056,8,4
3823,1056,163,2
3824,1057,142,5
3825,1057,173,1
3826,1057,64,5
3827,1058,78,5
3828,1058,105,4
3829,1059,129,2
3830,1059,37,3
3831,1059,139,2
3832,1059,63,5
3833,1059,109,5
3834,1059,116,1
3835,1060,159,3
3836,1060,168,2
3837,1060,1,1
3838,1060,124,3
3839,1061,175,4
3840,1061,90,2
3841,1061,150,5
3842,1062,42,5
3843,1063,77,1
3844,1064,32,2
3845,1064,186,5
3846,1064,72,4
3847,1064,54,5
3848,1064,130,3
3849,1064,175,3
3850,1065,193,4
3851,1065,70,2
3852,1065,170,3
3853,1066,118,5
3854,1066,85,1
3855,1067,166,1
3856,1067,156,4
3857,1068,173,2
3858,1069,179,4
3859,1069,196,4
3860,1069,138,1
3861,1069,167,1
3862,1069,138,1
3863,1070,173,1
3864,1070,91,4
3865,1070,154,3
3866,1070,100,2
3867,1071,3,1
3868,1071,119,3
3869,1071,50,4
3870,1071,3,2
3871,1071,191,1
3872,1071,195,3
3873,1072,92,2
3874,1072,24,5
3875,1072,161,3
3876,1072,184,2
3877,1072,60,4
3878,1072,93,1
3879,1073,181,5
3880,1073,54,1
3881,1073,51,4
3882,1073,29,3
3883,1074,127,2
3884,1074,142,2
3885,1074,169,5
3886,1074,173,5
3887,1074,145,2
3888,1075,33,1
3889,1075,33,3
3890,1075,146,2
3891,1075,134,3
3892,1075,50,1
3893,1076,137,5
3894,1076,65,5
3895,1076,117,1
3896,1076,110,1
3897,1076,83,4
3898,1076,105,3
3899,1077,133,4
3900,1077,127,3
3901,1077,133,1
3902,1077,185,2
3903,1077,13,3
3904,1077,108,5
3905,1078,2,4
3906,1078,50,3
3907,1078,21,5
3908,1079,58,4
3909,1079,20,2
3910,1079,51,2
3911,1079,85,3
3912,1079,17,1
3913,1079,8,4
3914,1080,152,3
3915,1081,28,4
3916,1081,62,3
3917,1082,134,2
3918,1082,19,5
3919,1082,159,4
3920,1083,161,4
3921,1084,22,1
3922,1085,81,1
3923,1085,33,1
3924,1085,114,1
3925,1085,78,5
3926,1086,17,1
3927,1086,174,1
3928,1086,144,1
3929,1086,76,4
3930,1087,159,4
3931,1088,169,5
3932,1088,3,4
3933,1088,99,4
3934,1088,110,5
3935,1088,159,1
3936,1089,173,1
3937,1089,117,5
3938,1089,85,5
3939,1089,50,1
3940,1089,27,1
3941,1089,153,1
3942,1090,147,2
3943,1090,164,5
3944,1091,108,4
3945,1091,186,5
3946,1091,114,2
3947,1092,12,1
3948,1092,33,3
3949,1093,132,3
3950,1093,80,5
3951,1093,139,2
3952,1093,38,4
3953,1094,88,3
3954,1094,95,1
3955,1094,133,5
3956,1094,169,2
3957,1094,15,2
3958,1095,14,4
3959,1095,89,2
3960,1095,52,2
3961,1095,18,3
3962,1095,49,4
3963,1096,120,5
3964,1096,178,3
3965,1096,149,5
3966,1096,86,5
3967,1096,77,4
3968,1096,85,2
3969,1097,11,4
3970,1097,57,1
3971,1097,164,2
3972,1097,178,2
3973,1098,55,2
3974,1098,124,3
3975,1098,190,4
3976,1098,53,4
3977,1098,48,1
3978,1099,19,3
3979,1100,30,2
3980,1100,75,4
3981,1100,50,5
3982,1100,196,3
3983,1100,12,1
3984,1101,73,2
3985,1101,57,3
3986,1102,87,5
3987,1102,63,2
3988,1103,46,3
3989,1104,174,2
3990,1105,29,3
3991,1105,54,3
3992,1105,117,2
3993,1105,95,3
3994,1105,170,2
3995,1105,135,5
3996,1106,17,1
3997,1106,37,2
3998,1106,49,2
3999,1106,137,4
4000,1106,178,3
4001,1106,82,5
4002,1107,63,1
4003,1107,196,5
4004,1107,151,2
4005,1107,138,3
4006,1107,39,3
4007,1107,64,1
4008,1108,33,5
4009,1108,150,4
4010,1108,54,1
4011,1109,158,1
4012,1109,43,5
4013,1109,100,5
4014,1109,96,4
4015,1109,133,4
4016,1109,46,3
4017,1110,135,4
4018,1110,184,4
4019,1110,122,3
4020,1111,164,5
4021,1111,167,1
4022,1111,54,2
4023,1111,52,4
4024,1112,56,3
4025,1112,109,4
4026,1112,147,2
4027,1112,96,3
4028,1113,35,1
4029,1114,133,3
4030,1114,59,5
4031,1114,11,4
4032,1114,132,5
4033,1115,116,4
4034,1115,111,4
4035,1115,95,4
4036,1115,82,3
4037,1116,46,4
4038,1117,166,1
4039,1117,92,1
4040,1117,76,5
4041,1118,165,1
4042,1118,71,2
4043,1118,26,1
4044,1118,19,3
4045,1118,10,5
4046,1119,51,3
4047,1119,65,3
4048,1119,191,3
4049,1120,155,2
4050,1120,193,5
4051,1120,67,1
4052,1120,198,3
4053,1120,73,3
4054,1120,104,4
4055,1121,4,4
4056,1121,168,5
4057,1121,195,2
4058,1121,102,2
4059,1121,59,2
4060,1121,122,2
4061,1122,142,4
4062,1122,185,4
4063,1122,88,1
4064,1122,81,2
4065,1122,110,4
4066,1123,116,5
4067,1123,8,3
4068,1123,36,5
4069,1123,33,3
4070,1124,128,3
4071,1125,108,4
4072,1125,176,4
4073,1126,138,3
4074,1126,84,5
4075,1126,6,5
4076,1126,9,2
4077,1126,40,3
4078,1126,146,5
4079,1127,101,4
4080,1127,53,4
4081,1127,17,5
4082,1127,99,2
4083,1127,122,1
4084,1128,116,3
4085,1128,24,2
4086,1128,27,5
4087,1128,46,1
4088,1128,177,5
4089,1129,48,2
4090,1130,73,2
4091,1130,60,3
4092,1130,169,5
4093,1130,18,4
4094,1131,133,1
4095,1131,44,3
4096,1131,106,4
4097,1132,34,5
4098,1133,191,1
4099,1133,100,2
4100,1133,34,2
4101,1133,80,4
4102,1134,122,2
4103,1134,155,5
4104,1134,80,5
4105,1134,52,5
4106,1134,184,4
4107,1134,71,2
4108,1135,115,1
4109,1135,103,5
4110,1136,85,5
4111,1136,126,4
4112,1136,119,5
4113,1136,11,1
4114,1136,74,4
4115,1137,183,3
4116,1137,101,5
4117,1137,45,4
4118,1137,64,2
4119,1137,159,4
4120,1137,118,4
4121,1138,179,5
4122,1138,25,4
4123,1139,62,2
4124,1140,138,3
4125,1140,171,1
4126,1140,179,2
4127,1140,127,4
4128,1140,196,5
4129,1140,32,3
4130,1141,130,3
4131,1142,43,3
4132,1142,54,5
4133,1142,12,4
4134,1142,7,1
4135,1143,173,4
4136,1143,98,3
4137,1143,191,4
4138,1143,50,4
4139,1143,10,1
4140,1143,65,1
4141,1144,84,4
4142,1144,125,4
4143,1145,141,2
4144,1146,36,4
4145,1146,72,2
4146,1146,44,1
4147,1146,156,1
4148,1147,32,5
4149,1147,190,4
4150,1147,44,1
4151,1148,174,3
4152,1149,92,2
4153,1149,56,1
4154,1149,173,5
4155,1149,56,4
4156,1150,163,5
4157,1151,184,1
4158,1151,100,3
4159,1151,114,1
4160,1151,154,1
4161,1151,13,4
4162,1151,197,2
4163,1152,62,2
4164,1152,24,1
4165,1152,108,1
4166,1153,50,1
4167,1153,57,1
4168,1153,171,2
4169,1154,12,4
4170,1154,132,1
4171,1155,144,2
4172,1155,160,2
4173,1155,139,4
4174,1156,60,2
4175,1157,83,2
4176,1157,4,4
4177,1157,168,3
4178,1158,55,4
4179,1158,57,1
4180,1158,169,3
4181,1158,167,5
4182,1159,18,2
4183,1160,197,5
4184,1160,128,1
4185,1160,183,5
4186,1161,65,1
4187,1161,154,3
4188,1162,100,2
4189,1162,86,2
4190,1162,163,3
4191,1162,171,4
4192,1162,18,3
4193,1162,5,5
4194,1163,98,5
4195,1163,164,2
4196,1163,129,5
4197,1163,181,1
4198,1164,158,1
4199,1165,189,4
4200,1165,194,2
4201,1166,16,2
4202,1167,76,2
4203,1167,39,4
4204,1167,53,1
4205,1167,61,5
4206,1168,85,2
4207,1168,72,3
4208,1168,165,1
4209,1168,134,4
4210,1168,166,3
4211,1168,193,1
4212,1169,85,3
4213,1169,63,2
4214,1169,139,1
4215,1169,171,2
4216,1169,176,2
4217,1169,156,4
4218,1170,47,4
4219,1170,162,1
4220,1170,17,4
4221,1171,14,2
4222,1171,53,2
4223,1172,152,5
4224,1172,53,2
4225,1173,110,4
4226,1174,185,2
4227,1174,63,4
4228,1175,64,3
4229,1175,74,5
4230,1175,115,2
4231,1175,70,4
4232,1175,21,3
4233,1176,43,4
4234,1176,113,4
4235,1176,130,5
4236,1176,189,4
4237,1177,124,1
4238,1177,196,4
4239,1178,195,3
4240,1179,40,5
4241,1179,187,2
4242,1179,66,4
4243,1179,119,3
4244,1179,117,3
4245,1180,156,4
4246,1180,19,3
4247,1180,35,4
4248,1180,51,2
4249,1180,49,1
4250,1181,187,3
4251,1181,126,4
4252,1181,107,4
4253,1181,191,3
4254,1181,99,4
4255,1182,151,1
4256,1182,105,1
4257,1182,32,4
4258,1182,145,2
4259,1182,50,4
4260,1182,66,3
4261,1183,126,3
4262,1183,179,1
4263,1183,167,4
4264,1183,109,2
4265,1183,63,4
4266,1183,9,3
4267,1184,174,1
4268,1184,179,2
4269,1184,67,5
4270,1184,117,2
4271,1184,66,2
4272,1184,155,5
4273,1185,4,1
4274,1185,198,1
4275,1186,99,4
4276,1186,181,5
4277,1186,21,5
4278,1186,49,4
4279,1186,43,4
4280,1186,65,3
4281,1187,169,4
4282,1187,151,3
4283,1187,188,4
4284,1187,193,1
4285,1187,28,5
4286,1188,37,3
4287,1188,192,2
4288,1188,192,4
4289,1189,2,2
4290,1189,126,1
4291,1189,25,1
4292,1190,107,5
4293,1190,107,3
4294,1190,188,4
4295,1190,44,2
4296,1190,96,2
4297,1190,181,2
4298,1191,47,5
4299,1191,29,4
4300,1191,146,2
4301,1191,48,2
4302,1192,47,2
4303,1192,67,4
4304,1192,113,5
4305,1192,28,2
4306,1192,21,3
4307,1192,22,4
4308,1193,17,3
4309,1193,8,5
4310,1193,61,4
4311,1194,195,1
4312,1194,3,1
4313,1194,69,1
4314,1194,171,5
4315,1194,11,1
4316,1194,55,5
4317,1195,155,5
4318,1195,195,3
4319,1195,125,4
4320,1195,194,3
4321,1196,87,3
4322,1196,175,3
4323,1196,81,2
4324,1196,93,4
4325,1197,15,3
4326,1197,85,1
4327,1197,1,4
4328,1197,179,4
4329,1197,186,2
4330,1198,32,5
4331,1198,72,2
4332,1198,95,4
4333,1198,159,4
4334,1198,132,4
4335,1199,1,3
4336,1199,5,3
4337,1200,84,4
4338,1200,60,5
4339,1200,125,4
4340,1200,190,5
4341,1200,21,3
4342,1200,110,4
